{
  "mean_squared_error": 2183.2558521140845,
  "r2_score": 0.942016520211647
}